epoch,logged_windows,loss,loss_ori,loss_uatm,loss_ugsa
1,7,30.50293129512242,3.9775300059999736,13.516725526537215,13.008675616128103
2,7,26.57235507965088,3.2595362527029854,11.004841899871826,12.307976954323905
3,7,23.999219948904855,2.9204009430749074,9.172553484780448,11.9062655040196
4,7,22.46740256718227,2.7375896011080063,8.04831406048366,11.681498868124827
5,7,21.26784678867885,2.6618164454187667,7.200046103341239,11.405984129224505
6,7,21.122993905203682,2.5322844300951277,6.923992477144513,11.666717038835797
7,7,20.195407376970564,2.523371151515416,6.282416963577271,11.389619323185512
8,7,19.935359055655343,2.386553428854261,6.1884086813245505,11.36039686203003
9,7,19.626522173200335,2.2684256758008683,5.93062026160104,11.42747620173863
10,7,19.609620639256068,2.341770148277283,5.682148381641933,11.585702024187361
11,7,19.325456047058104,2.2520208392824443,5.584805488586426,11.488629627227784
12,7,19.425413049970356,2.1785177384104046,5.593988507134574,11.652906772068569
13,7,19.297948510306224,2.1907961981637136,5.441689484460013,11.665462711879185
14,7,18.928406769888742,2.1896071808678763,5.351061534881592,11.387738077981131
15,7,19.103865459987095,2.189214826481683,5.310348415374756,11.60430212020874
16,7,19.16463841029576,2.2790796126638138,5.268074205943517,11.61748480115618
17,7,18.724368694850376,2.1959354962621416,5.120873090199062,11.407560035160609
18,7,18.62614094870431,2.0764549016952514,5.108519104548863,11.441166973114013
19,7,18.55097073146275,2.1376860993249074,5.0073340347835,11.405950600760324
20,7,18.53677785055978,2.1069691266332353,5.024931693077088,11.404877144949777
21,7,18.952392087663924,2.2311407736369544,4.970676456178937,11.75057487487793
22,7,18.468185915265764,2.175077516692025,4.924870947429112,11.368237345559256
23,7,18.542621312822614,2.1365392191069468,4.997038214547294,11.409043843405588
24,7,18.75868226460048,2.184331899029868,5.018616451535906,11.555733803340367
25,7,18.555892944335938,2.114437288897378,4.966718176433019,11.474737562452043
26,7,18.467168317522322,2.008827931540353,4.979560552324568,11.478779711042131
27,7,18.66015533719744,1.96110463312694,5.028723151343209,11.670327540806362
28,7,18.370170375279017,2.0814855081694468,4.856454852649144,11.432229941231864
29,7,18.31996852329799,2.1834495510373797,4.800970040048872,11.335549041203091
30,7,18.297905090876988,2.116257633481707,4.669637319019863,11.5120101247515
31,7,18.07751226425171,2.1211954133851187,4.671657299995423,11.284659508296421
32,7,18.187969602857315,2.1436929753848486,4.7026588916778564,11.341617870330811
33,7,18.35827217102051,2.075715824535915,4.8166862351553785,11.465870067051478
34,7,18.14823807307652,2.104981514385768,4.781209111213684,11.262047413417271
35,7,18.301613371712822,2.04357488325664,4.779154682159424,11.478883797781808
36,7,18.123876680646624,2.0126710772514342,4.77694685459137,11.334258801596505
37,7,18.312437684195384,1.9814311947141376,4.750000463213239,11.581006050109863
38,7,18.197799505506243,2.149739921092987,4.691171598434448,11.35688807623727
39,7,18.183404663630895,2.2355902756963455,4.687344796316964,11.260469463893346
40,7,17.979092066628592,2.237728468009404,4.693078705242702,11.048284912109375
41,7,18.068790476662773,2.175716962133135,4.668147155216762,11.224926362718854
42,7,18.418669291904994,1.9111879587173461,4.8431420292173115,11.664339338030134
43,7,18.045715195792063,2.15674900668008,4.65596616268158,11.232999965122769
44,7,18.208051776885988,1.9214643955230712,4.6783453566687445,11.608241939544678
45,7,18.119999762943813,1.8941242286137172,4.682320410864694,11.54355513708932
46,7,18.106883593967982,2.008379430430276,4.7288811479296005,11.369622938973563
47,7,18.040345232827324,2.2389751621655054,4.579008425985064,11.222361605507986
48,7,18.280748503548757,2.0068982865129197,4.77512800352914,11.498722308022636
49,7,18.166838237217494,2.1946022135870797,4.685466354233879,11.286769689832415
50,7,18.078135776519776,1.8731777080467769,4.637245379175458,11.567712647574288
51,7,18.090033544812883,2.130495209353311,4.628381531579154,11.331156948634556
52,7,18.17270025525774,2.0753863845552716,4.694097488267081,11.403216280255998
53,7,18.300270366668702,2.0694013868059433,4.656566214561463,11.574302850450788
54,7,18.228661264692036,2.2103237203189305,4.5714689595358715,11.446868692125593
55,7,17.968529456002372,2.0921124867030554,4.568131078992571,11.308285999298096
56,7,18.152828870500837,2.1282753007752557,4.592211358887809,11.432342161451068
57,7,17.910601016453334,1.8646334758826664,4.595554743494306,11.450412695748465
58,7,18.264572525024413,2.0788403476987565,4.63898183958871,11.546750382014682
59,7,18.161744867052352,2.029461865765708,4.601007761274065,11.531275081634522
60,7,18.090741566249303,2.1096531748771667,4.587038183212281,11.394050257546562
61,7,18.026389448983327,1.998018332038607,4.584955072402954,11.44341618674142
62,7,18.14815534864153,2.069253944499152,4.630450562068394,11.448450905936104
63,7,17.958046640668595,1.8832161903381348,4.57699511391776,11.497835322788783
64,7,18.198874078478134,2.101121161665235,4.635281014442444,11.462471893855504
65,7,18.084801687513078,2.137793161187853,4.565245870181492,11.38176257269723
66,7,18.353139059884207,2.0352930103029525,4.64971797806876,11.668128122602191
67,7,18.054219027927942,2.0388244645936147,4.546395359720503,11.468999304090227
68,7,17.84949073791504,2.059280289922442,4.482950735092163,11.30725976399013
69,7,18.03366745540074,2.03948986019407,4.450358268192836,11.543819400242397
70,7,17.85406950541905,2.1779002368450167,4.474129731314523,11.202039405277796
71,7,17.986181449890136,2.0767512696129935,4.475496121815272,11.433934034620012
72,7,18.18797758647374,2.074747896194458,4.553186508587428,11.560043157849993
73,7,17.93891747338431,1.9964553381715502,4.499884642873491,11.442577498299736
74,7,17.994813510349818,2.1664933272770472,4.51130496433803,11.317015375409808
75,7,18.084994847433908,2.178534974370684,4.582024312019348,11.324435615539551
76,7,17.67455596923828,1.9671450444630214,4.579698644365583,11.127712399618966
77,7,17.941730090550013,2.0627751435552324,4.588943123817444,11.290011596679687
78,7,17.967472784859794,2.1279080952916827,4.493062158993312,11.346502562931606
79,7,17.91466693878174,2.011073337282453,4.553131716591971,11.350461878095354
80,7,17.873121888296943,2.0989040161882127,4.474661959920611,11.299555955614363
81,7,18.049253368377684,2.0157769952501567,4.635700637953622,11.397775731767927
82,7,18.131096390315466,2.0335315959794182,4.515644720622471,11.58192013331822
83,7,17.918027264731272,2.055065757887704,4.546680184773036,11.316281291416713
84,7,17.838925811222623,2.136084339448384,4.411794355937412,11.29104712350028
85,7,17.876383318219865,1.8995649499552592,4.557737796647208,11.419080475398472
86,7,18.007225704193115,1.9668915595327106,4.623106568200248,11.417227595193046
87,7,18.144355392456056,2.0944311193057468,4.493767554419382,11.55615655354091
88,7,17.963689150129046,1.9424497612885065,4.476983383723668,11.544256033216204
89,7,18.109496498107912,1.9581844568252564,4.501550940104893,11.64976110458374
90,7,17.973775836399625,2.050372200352805,4.462171448980059,11.461232144492014
91,7,18.0354366847447,2.193563001496451,4.428819482667105,11.413054234640938
92,7,18.185335404532296,2.119729036944253,4.5133411475590295,11.55226515361241
93,7,18.07243937083653,2.15986305475235,4.546608138084411,11.365968241010393
94,7,17.945484229496547,2.0538929990359716,4.523832716260637,11.36775849206107
95,7,17.87771181379046,2.1485898511750356,4.433993094308036,11.295128808702742
96,7,17.682748903547015,2.0484308353492193,4.496585287366595,11.137732805524553
97,7,18.00455996649606,2.027128539766584,4.588665073258536,11.388766302381244
98,7,17.665928854261125,2.0184791922569274,4.432646802493504,11.214802837371826
99,7,17.93109711238316,2.033992692402431,4.504560790743147,11.392543642861503
100,7,18.18296424320766,2.1740769505500794,4.435525703430176,11.573361424037389
101,7,17.884331348964146,2.091337537765503,4.433487435749599,11.359506252833775
102,7,18.08073784964425,2.185677698680333,4.529347317559378,11.365712956019811
103,7,18.024901267460415,1.9367848617689951,4.582643662180219,11.505472755432129
104,7,17.92600600378854,2.1101892488343377,4.44904864515577,11.366768060411726
105,7,17.967204516274588,2.090483604158674,4.462664209093366,11.414056723458426
106,7,17.910428742000036,1.9568557892526899,4.509087957654681,11.444484969547817
107,7,17.862598187582833,1.9762534243719918,4.467128161021641,11.419216728210449
108,7,17.74769847052438,1.8168295468602862,4.496215602329799,11.434653309413365
109,7,17.97045363017491,2.225630017689296,4.457101437023708,11.287722151620047
110,7,17.86383225577218,2.079019205910819,4.441894677707127,11.34291843686785
111,7,17.806407601492747,2.150090482405254,4.399244015557425,11.257073034558978
112,7,18.010394300733292,2.1228520759514398,4.505954647064209,11.381587559836252
113,7,17.805997630528044,1.9738311750548225,4.503402512414115,11.328763920920236
114,7,17.838061032976423,1.7863176030772072,4.535012854848589,11.516730553763253
115,7,17.94811090741839,2.0876509947436195,4.481863788196018,11.378596087864468
116,7,18.038111237117224,1.8285216501780919,4.561442024367197,11.648147719247001
117,7,18.012989248548234,2.139484976870673,4.503290411404201,11.370213890075684
118,7,17.886892713819233,1.9677679078919545,4.510458448954991,11.408666351863316
119,7,17.869467776162285,2.061597970553807,4.486084638323103,11.321785245622907
120,7,17.98709538323539,1.9967617852347237,4.463300670896258,11.527032906668527
121,7,17.986076886313302,2.025603004864284,4.517499804496765,11.442974076952252
122,7,18.13677899496896,2.0852144173213416,4.504580882617406,11.546983705248152
123,7,18.010332706996373,1.9564704281943186,4.5163491283144275,11.537513133457729
124,7,18.00215623038156,2.1964183483804973,4.442328088624137,11.36340981892177
125,7,18.14504908152989,2.0979819263730732,4.531685144560678,11.515381935664585
126,7,17.722174644470215,1.9546723757471358,4.48015295778002,11.28734929221017
127,7,17.98512704031808,2.033470791578293,4.48491713319506,11.466739191327775
128,7,18.20062122344971,2.2197429486683435,4.4793613331658495,11.501516900743757
129,7,17.993994985307967,2.064152464696339,4.462226254599435,11.467616326468331
130,7,17.955843571254185,2.0724742804254803,4.533490606716701,11.349878706250871
131,7,17.963536058153426,2.1693483131272453,4.4092810971396315,11.384906687055315
132,7,17.892903436933246,2.0205668347222465,4.4994506290980745,11.372886031014579
133,7,18.067207649775913,2.1079371861049108,4.434968754223415,11.524301746913364
134,7,17.901761681692943,2.05242441211428,4.4669150522777015,11.382422174726214
135,7,17.861672142573767,2.1028819424765453,4.486354313577924,11.272435923985073
136,7,17.823694814954486,2.1114904378141675,4.450085094996862,11.262119279588973
137,7,18.104127638680595,2.124161683661597,4.4336117029190065,11.546354293823242
138,7,17.950771985735212,2.114427879878453,4.433930904524667,11.402413286481584
139,7,17.909975433349608,1.9879081760134016,4.489140067781721,11.432927172524588
140,7,17.805263328552247,2.191617439474378,4.381195293154035,11.232450621468681
141,7,17.82422391346523,1.96112733738763,4.467261099815369,11.395835590362548
142,7,17.740713473728725,2.031018632650375,4.396793804849897,11.312900979178293
143,7,17.925649424961637,2.0371839966092793,4.5348487513405935,11.353616714477539
144,7,17.771535546439036,1.942876378127507,4.43166868686676,11.396990517207554
145,7,18.040210233415877,2.0060682450022016,4.4683677673339846,11.565774236406599
146,7,18.069367040906634,2.065658521652222,4.539448687008449,11.464259638105121
147,7,17.87143734523228,2.0457713578428542,4.439599813733782,11.38606617791312
148,7,17.982620566231862,1.9093788479055678,4.534485963412694,11.538755811963762
149,7,18.10718011856079,1.985439703294209,4.522305376189095,11.599435070582798
150,7,17.63078670501709,1.8949867452893938,4.475795269012451,11.260004806518555
151,7,16.607006795065743,1.889951809814998,3.4309842893055507,11.286070632934571
152,7,16.389728723253523,1.8833728679588864,3.2275809594563074,11.278774792807443
153,7,16.06811282294137,1.7006810435226987,3.139240149089268,11.22819162096296
154,7,15.82155373437064,1.685460707971028,3.0252730778285435,11.110819966452462
155,7,15.900569806780133,1.7913594458784377,3.0382028886250088,11.071007456098284
156,7,15.964621366773333,1.8784830348832267,3.037735220364162,11.048403058733259
157,7,15.846710068838936,1.6790814629622868,3.006023723738534,11.161604813167028
158,7,15.92676307133266,1.6459171976361957,3.014020824432373,11.26682495389666
159,7,15.541376032148088,1.6639026037284306,2.933550098964146,10.943923350742885
160,7,15.711861664908273,1.7297730982303618,2.9726395641054424,11.009449032374791
161,7,15.50741492680141,1.7552375563553402,2.8934779575892855,10.85869938986642
162,7,15.730330766950335,1.7435832117285046,2.878841086796352,11.107906464168003
163,7,15.91879825592041,1.8162409373692103,2.9175482613699777,11.185009016309465
164,7,15.453831059592112,1.572603634425572,2.917914046560015,10.963313361576626
165,7,15.530049446650914,1.617125060728618,2.8657598291124615,11.047164617265974
166,7,15.728022357395718,1.5653442791530063,2.9277809722082955,11.234897068568639
167,7,15.574557563236782,1.7029369362762996,2.8890478338514054,10.98257281439645
168,7,15.54085170200893,1.8399975146566119,2.8747223479407173,10.826131820678711
169,7,15.43970365524292,1.6834430975573402,2.9314105306352887,10.824850014277867
170,7,15.906283596583775,1.6337905875274112,2.9012328113828385,11.371260152544293
171,7,15.821985612596784,1.816134491988591,2.922741038458688,11.083110012326921
172,7,15.640854372297014,1.9207465997764044,2.925907155445644,10.794200760977608
173,7,15.748130975450788,1.7995116395609718,2.9109404257365634,11.037678950173515
174,7,15.412206949506487,1.6672923513821194,2.867970643724714,10.876943956102643
175,7,15.471081270490375,1.7228295556136541,2.8739917380469184,10.874259894234793
176,7,15.630397088187081,1.6584898327078137,2.816492772102356,11.155414485931397
177,7,15.520911584581647,1.5944690321172987,2.8609314475740706,11.065511172158377
178,7,15.305024964468819,1.6962409274918693,2.855148114476885,10.753635856083461
179,7,15.59534511566162,1.7498465282576425,2.8914167881011963,10.954081821441651
180,7,15.639444269452776,1.6771758965083532,2.9219036511012484,11.04036475590297
181,7,15.29397852761405,1.5890953413077764,2.696148521559579,11.00873464856829
182,7,15.262280532291957,1.5809104025363923,2.62269241809845,11.058677741459437
183,7,15.148433903285435,1.501670685836247,2.5720740624836513,11.074689170292446
184,7,15.04084484917777,1.8632152685097285,2.5707529067993167,10.60687665258135
185,7,15.303858797890799,1.5723883875778744,2.5684350558689664,11.163035338265555
186,7,15.215074580056326,1.603658263172422,2.577098832811628,11.034317438943045
187,7,15.25106462751116,1.663006739105497,2.565481162071228,11.022576672690255
188,7,15.210122408185686,1.595456451177597,2.5850783024515422,11.029587623051235
189,7,15.017252758571079,1.4396847133125577,2.5446084856987,11.032959611075265
190,7,15.356955664498466,1.7744130313396453,2.577989327907562,11.004553318023682
191,7,15.149909687042236,1.6144370985882623,2.524155296598162,11.011317253112793
192,7,14.917842197418214,1.4993833320481436,2.5101814780916487,10.908277402605329
193,7,14.963248089381628,1.4234680537666593,2.442894809586661,11.096885313306537
194,7,15.017431082044329,1.4866306594439915,2.500534108706883,11.030266312190465
195,7,15.037904712132045,1.5385472267866134,2.5326741644314357,10.966683353696551
196,7,15.053385393960136,1.5238363231931413,2.5222773466791426,11.007271766662598
197,7,15.217711980002267,1.5102215034621103,2.488189503124782,11.219300992148263
198,7,15.33254725592477,1.6111669174262455,2.534361846106393,11.187018476213728
199,7,15.142562852587018,1.7990392063345229,2.5405075652258735,10.803016117640905
200,7,14.831086390359062,1.6338857804025924,2.479580753190177,10.717619814191545
201,7,15.119783483232771,1.6844127910477775,2.5753761189324518,10.859994615827288
202,7,14.904325239998954,1.6012688415391105,2.4679412807737076,10.835115119389124
203,7,14.869854845319475,1.5164300577981131,2.4788847395351956,10.87454000200544
204,7,14.900987216404506,1.606414077963148,2.526651210444314,10.767921910967146
205,7,15.009421825408936,1.6124047773224968,2.5424135719026837,10.854603467668806
206,7,14.962770244053432,1.7127217267240797,2.5677493027278353,10.682299293790544
207,7,15.161687197004046,1.6200429150036404,2.5498836994171143,10.991760431017195
208,7,15.26748755318778,1.6416259714535304,2.524451606614249,11.10140995298113
209,7,14.726911871773856,1.491648080945015,2.475638314655849,10.75962554386684
210,7,14.88362876347133,1.4777877207313266,2.4513708540371484,10.954470239366804
211,7,14.844056960514614,1.3904783678906305,2.4260150262287685,11.027563585553851
212,7,14.918526867457798,1.4565579610211508,2.4444157123565673,11.017553234100342
213,7,14.95300760269165,1.4359889758484703,2.4115291271890915,11.10548951966422
214,7,14.948894814082553,1.5897185385227204,2.4621704493250167,10.897005871364048
215,7,15.007281385149275,1.6161736726760865,2.4613935232162474,10.929714093889508
216,7,15.063512488773892,1.4548787138291768,2.4573718786239622,11.151261901855468
217,7,14.960576057434082,1.351554211974144,2.394374009541103,11.214647831235613
218,7,14.740549550737654,1.6006477977548326,2.4637072495051795,10.6761944770813
219,7,14.826675524030414,1.4653444779770715,2.401557149205889,10.959773881094796
220,7,15.25523247037615,1.6857430645397733,2.5088242564882552,11.060665130615234
221,7,14.848337118966239,1.5585665004593985,2.479351055622101,10.8104195526668
222,7,14.897302055358887,1.4995360578809467,2.459146009172712,10.938620029176985
223,7,14.953198092324394,1.5781128048896789,2.4511080844061715,10.923977238791329
224,7,14.794930103846959,1.6009714492729732,2.475302347115108,10.718656294686454
225,7,15.057309123447963,1.43081237077713,2.4104740704808916,11.216022641318185
226,7,14.859209891727993,1.6255704479558128,2.4465122870036535,10.787127086094447
227,7,14.858224773406983,1.4220799067190715,2.4236880472728184,11.012456784929547
228,7,14.859672001429967,1.5899844595364163,2.4255770427840098,10.844110557011195
229,7,15.067234448024205,1.5227539952312197,2.465104831968035,11.079375566755022
230,7,14.616825798579624,1.5148004238094603,2.4522445440292358,10.649780777522496
231,7,14.643480110168458,1.3841670611074992,2.4081393463271006,10.851173686981202
232,7,14.989285973140172,1.5411550134420395,2.435732482160841,11.0123984677451
233,7,14.783408778054374,1.585457615341459,2.484053991522108,10.713897187369211
234,7,14.975599847521101,1.4153347092015403,2.4492054990359717,11.111059665679932
235,7,14.924132973807199,1.7540110894611904,2.5237466079848154,10.64637530190604
236,7,14.807820878710066,1.5648318865469524,2.4509327564920698,10.792056274414062
237,7,14.891848972865514,1.6160339091505322,2.5100393976484026,10.765775728225709
238,7,14.809669399261475,1.5958307223660606,2.4642938324383326,10.749544865744454
239,7,14.638733182634626,1.6167162993124553,2.465581362588065,10.55643551690238
240,7,14.661986487252372,1.4618718343121664,2.401360864298684,10.798753765651158
